http://i.imgur.com/TKLs9lo.jpg,#FFFFFF,#FEFEFE,#F7F7F7
http://i.imgur.com/lcEUZHv.jpg,#FFFFFF,#C6BBBF,#444A5A
http://i.imgur.com/FApqk3D.jpg,#FFFFFF,#000000,#F3C300
https://i.redd.it/s5viyluv421z.jpg,#F5EEDC,#F6EFDD,#F4EDDB
http://i.imgur.com/M3NOzLC.jpg,#FFFFFF,#93907D,#928F7C
https://i.redd.it/4m5yk8gjrtzy.jpg,#010101,#020001,#030102
https://i.redd.it/1nlgrn49x7ry.jpg,#0F0F0F,#101010,#14100D
https://i.redd.it/h5t3qddvvzry.jpg,#0E0E0E,#0D0D0D,#020202
https://i.redd.it/fsuv32a1cc9y.jpg,#FFFFFF,#FEFEFE,#FDFDFD
http://i.imgur.com/sXhEQez.jpg,#FFFFFF,#000000,#FEFEFE
https://i.redd.it/w5q6gldnvcuy.jpg,#F3F3F3,#19161D,#1B181F
https://i.redd.it/cwljeujku33z.jpg,#E9E6DF,#E4E1DC,#E9E4DE
https://i.redd.it/xae65ypfqycy.jpg,#F4F4F4,#C83A2E,#C24541
https://i.redd.it/ihczg3pmle3z.jpg,#B0B9A8,#AFB8A7,#A9B2A1
http://i.imgur.com/puEqa4C.jpg,#908E9C,#928FA2,#92909E
http://i.imgur.com/tyDhTll.jpg,#070705,#050503,#090806
https://i.redd.it/cpkq97klre4z.jpg,#777868,#9F9C8B,#767767
https://i.redd.it/d8021b5i2moy.jpg,#FFFFFF,#020305,#010204
https://i.redd.it/n9jq5j2tatcy.jpg,#F3FFFF,#F4FFFF,#F3FEFF
http://i.imgur.com/RycdbMO.jpg,#F0F7FF,#E1D4CB,#1E1E28
http://i.imgur.com/6pnYQUv.jpg,#191A1E,#1A1B1F,#18191D
https://i.redd.it/7ofdqmp53bzy.jpg,#94896D,#958A6E,#968B6F
https://i.redd.it/ru12lvaf7jyy.jpg,#9D9996,#9C9895,#9E9A97
https://i.redd.it/rubsfuf64lvy.jpg,#BCB5A3,#BAB3A1,#BBB4A2
https://i.redd.it/0qow2dksb34z.jpg,#FFFFFF,#9FCAEC,#FFFFFD
https://i.redd.it/sn7ufk9fsv4z.jpg,#CCD1D7,#CBD0D6,#CACFD5
https://i.redd.it/c5pk0vnpg3ty.jpg,#6E81CD,#6E81CE,#FEFEFE
https://i.imgur.com/HRgRMOw.jpg,#A4A3A8,#408A59,#40895B
http://i.imgur.com/pt9rmrv.jpg,#FFFFFF,#FCEBDB,#FBEADA
http://i.imgur.com/qvnjbVw.jpg,#A9ACB5,#AAADB6,#A8ABB4
https://i.redd.it/ax4eueu0szpy.jpg,#22273A,#BCBAC8,#BDBBC9
https://i.redd.it/tb5pckm6e72y.jpg,#B8B6AA,#A0A19C,#A1A29D
https://i.redd.it/fyqzavufvjwy.jpg,#FEFEFE,#DCB083,#4C2D19
https://i.redd.it/guul6eld2soy.jpg,#6B7B94,#807967,#817A68
http://i.imgur.com/Gh2I3pq.jpg,#CFBAA9,#CEB9A8,#C7B09E
https://i.redd.it/m4cfqp8wfv5z.jpg,#DADADC,#D0D0D0,#D1D1D1
https://i.redd.it/ftd3sx5ah13z.jpg,#FDFEFF,#B44B2D,#B34A2C
https://i.redd.it/lsuw4p2ncyny.jpg,#FFFFFF,#FFFFFD,#A77842
http://i.imgur.com/enhDnTM.jpg,#FFFFFF,#000000,#C7E5EF
